Sprint,Week,Focus Area,Deliverables,New Checks,Modifications,Effort (days),Engineers,Start Date,End Date,Status,Completion %,Notes,Blockers,Risks
Sprint 1,1-2,Unity Catalog Fine-Grained Security,"UC checks 111-115, Mod 2, Mod 11",5 checks,2 mods,18,2,,,Not Started,0%,Critical UC security features,ABAC API needs verification,High complexity on UC-3 and UC-5
Sprint 2,3-4,UC + AI/ML Security,"UC checks 116-118, AI checks 119-123",6 checks,0 mods,17,2,,,Not Started,0%,Complete UC and start AI security,AI Gateway config varies by model,Performance impact from new queries
Sprint 3,5-6,Serverless Network Security,"Serverless checks 126-129, Git checks 130-132, AI checks 124-125",9 checks,0 mods,20,2,,,Not Started,0%,Serverless and Git security,Network policies API not in MCP tools,API availability critical
Sprint 4,7-8,Apps + Secrets + Modifications,"Apps checks 133-136, Secrets checks 137-139, Mods 1-3-5-12",7 checks,5 mods,20,2,,,Not Started,0%,Modern features and enhancements,Apps API consistency,Secret scanning performance
Sprint 5,9-10,System Tables + Cleanup,"System checks 140-142, Deprecations, Mods 4-6-7-8-9-10",3 checks,6 mods + 3 deprecations,15,2,,,Not Started,0%,Monitoring and cleanup,Documentation updates needed,Backward compatibility
Sprint 6,11-12,Final Enhancements + Testing,"Enhancement checks 143-145, Testing, Documentation",3 checks,0 mods,14,2,,,Not Started,0%,Polish and production readiness,Performance optimization,Timeline slippage risk

Task Category,Sprint 1,Sprint 2,Sprint 3,Sprint 4,Sprint 5,Sprint 6,Total
New Checks (days),15,15,18,14,6,6,74
Modifications (days),2,0,0,7,6,0,15
Testing (days),1,2,2,3,2,4,14
Documentation (days),0,0,0,0,1,4,5
Deprecations (days),0,0,0,0,3,0,3
Total Effort (days),18,17,20,24,18,14,111

Milestone,Target Sprint,Target Date,Dependencies,Status,Completion %,Notes
Sprint 1 Kickoff,Sprint 1,Week 1 Day 1,Resource allocation,Not Started,0%,Approve plan and allocate engineers
API Verification Complete,Sprint 1,Week 1 Day 3,"Network policies API, ABAC API",Not Started,0%,Critical for Sprint 3 planning
UC Checks Complete,Sprint 2,Week 4 Day 5,UC API integration,Not Started,0%,Foundation for other checks
AI Checks Complete,Sprint 3,Week 6 Day 5,AI Gateway features,Not Started,0%,Competitive differentiator
Serverless Checks Complete,Sprint 4,Week 8 Day 5,Network policies API available,Not Started,0%,Strategic feature
All Deprecations Implemented,Sprint 5,Week 10 Day 5,Documentation complete,Not Started,0%,Communication critical
Testing Complete,Sprint 6,Week 12 Day 3,All checks implemented,Not Started,0%,Production readiness gate
Documentation Complete,Sprint 6,Week 12 Day 4,Testing passed,Not Started,0%,Release prerequisite
Production Deployment,Sprint 6,Week 12 Day 5,"All milestones complete, stakeholder approval",Not Started,0%,Go-live decision point
